Name,Roll Number
Bob Davis,9723
Olivia Taylor,6263
James Williams,6286
Olivia Williams,8152
Alice Moore,2677
Sophia Taylor,8151
Daniel Wilson,4276
James Jones,1429
Olivia Williams,8877
Emma Brown,7690
James Miller,2985
James Davis,2327
Alice Davis,8199
James Davis,2327
Alice Williams,8026
Charlie Taylor,6526
James Johnson,2515
Daniel Brown,2912
Sophia Davis,9451
Olivia Moore,8521
Emma Jones,4458
Alice Brown,5588
John Davis,5448
Daniel Williams,5305
James Miller,2368
James Johnson,2515
Bob Taylor,2950
Mia Taylor,8684
Bob Wilson,2019
Bob Wilson,1050
Sophia Taylor,1615
James Jones,1429
Charlie Miller,5144
Mia Williams,9566
Alice Taylor,1525
Daniel Brown,8038
Charlie Taylor,7617
Daniel Miller,4797
John Wilson,4414
Charlie Brown,3869
Charlie Jones,8394
Mia Williams,7694
Sophia Taylor,8151
Bob Taylor,2950
Emma Wilson,7732
Charlie Taylor,6526
Mia Wilson,1254
John Smith,7181
Charlie Wilson,4370
Charlie Wilson,2606
Charlie Brown,3869
Charlie Jones,5697
Alice Williams,4132
Emma Wilson,2887
Sophia Williams,3090
John Smith,8873
Olivia Brown,9450
Sophia Smith,2349
Daniel Taylor,6945
Mia Smith,6374
Alice Williams,4132
Daniel Davis,7270
Emma Johnson,9618
Charlie Jones,5697
Bob Brown,6696
James Williams,9505
Charlie Taylor,7617
John Smith,5661
Emma Moore,6506
Bob Jones,6927
James Smith,8689
Bob Miller,4274
Bob Taylor,6703
Mia Taylor,8684
Bob Taylor,5329
James Taylor,8067
Emma Johnson,4091
Daniel Wilson,5870
Bob Taylor,6703
Charlie Jones,5697
Mia Wilson,7947
Bob Miller,4274
John Smith,8873
John Smith,8873
Bob Wilson,9670
James Smith,9071
James Brown,5813
Emma Taylor,6299
Bob Davis,1585
Charlie Johnson,8138
John Jones,2112
John Davis,3293
James Jones,6842
Bob Jones,7518
Olivia Johnson,4183
Bob Wilson,2019
Daniel Wilson,1398
Sophia Jones,7289
Sophia Brown,6701
Sophia Williams,1227
Alice Moore,2677
Charlie Wilson,4370
Olivia Williams,8152
Emma Johnson,4091
